dataset,metric,outlier_method,norm,ari_mean,ari_min,ari_max,ari_std,acc_mean,acc_min,acc_max,acc_std,silhouette_mean,silhouette_min,silhouette_max,silhouette_std
balance,chebyshev,none,none,0.1186493850208293,-0.0021155280592582,0.2754299541184352,0.068071035231501,0.6404799999999998,0.4688,0.752,0.0611620797553516,0.122152561956775,0.0754507709388699,0.1379090768420714,0.0138341173113526
balance,correlation,none,none,0.1746794004147104,0.024717844394128,0.4709010341182327,0.104845796958964,0.6785919999999999,0.5632,0.8256,0.0644481429988483,0.1411547011880654,0.1228974663232217,0.1526093133257812,0.0060602396709167
balance,cosine,none,none,0.197628939444762,0.0848450541612511,0.3890951321860126,0.0943230513220001,0.6915519999999998,0.6128,0.784,0.0497919280205135,0.1643986735340643,0.1605808285345494,0.1657125811629259,0.0010704791519729
balance,euclidean,none,none,0.1326382377610273,0.0509596610366267,0.3140627919036132,0.0476252512586442,0.6516640000000001,0.5808,0.7552,0.0342424634627825,0.1706519017800586,0.1622055505148857,0.1751024333403023,0.0032195924121188
balance,hamming,none,standard,0.0304026087833057,-0.0039254240541777,0.2046410784469159,0.0396131259847675,0.53496,0.4608,0.6896,0.0505439848053158,0.044052246800873,-0.0324157586210373,0.1066742840104016,0.0171773520292878
balance,manhattan,none,standard,0.1229992236971773,0.0056865890618549,0.3156147190509554,0.056139726629019,0.644432,0.512,0.7632,0.0446975142038122,0.1628944615397009,0.1283165503646224,0.1743219436831258,0.0111336947190208
balance,minkowski,none,none,0.1336635656450384,0.0036318948688768,0.3304501393097622,0.0897371708555625,0.647248,0.5056,0.7696,0.0702206643090194,0.1616969393057373,0.1549264018302484,0.1751024333403023,0.0037040492553271
blood,chebyshev,none,none,0.0787568410149399,0.0695947516794024,0.079541753214236,0.0025294968223533,0.7620320855614974,0.7620320855614974,0.7620320855614974,0.0,0.7034021166423513,0.7025413950356174,0.7166412586354151,0.0029953870287964
blood,correlation,zscore,minmax,0.1106257427623965,0.0616212204972933,0.1221206307011244,0.0237339733700081,0.7654320987654321,0.7654320987654321,0.7654320987654321,0.0,0.2810851884774857,0.2791869435558674,0.281530455804779,0.0009193619759359
blood,cosine,zscore,minmax,0.0453261337039797,0.0453261337039797,0.0453261337039797,1.3877787807814457e-17,0.7654320987654321,0.7654320987654321,0.7654320987654321,0.0,0.2887191234755244,0.2887191234755245,0.2887191234755245,5.551115123125783e-17
blood,euclidean,none,robust,0.079271731201604,-0.0036486420711699,0.0820596763040499,0.0101473542356343,0.7620320855614974,0.7620320855614974,0.7620320855614974,0.0,0.5519372507109408,0.5499726141012997,0.6605993674621067,0.0112201142280496
blood,hamming,none,none,0.0107907042538394,-0.046735556852585,0.0997217242022325,0.0345409579840538,0.7620320855614973,0.7620320855614974,0.7620320855614974,1.1102230246251563e-16,0.0175565881765819,-0.296440156383137,0.3789549969240338,0.2232216169995111
blood,manhattan,none,none,0.078646523076101,0.0695947516794024,0.079541753214236,0.0028466504101896,0.7620320855614974,0.7620320855614974,0.7620320855614974,0.0,0.7030755037485524,0.7025413950356174,0.7084759362904475,0.0016983574636225
blood,minkowski,none,robust,0.0796113968054622,-0.0036486420711699,0.0820596763040499,0.0096347159720009,0.7620320855614974,0.7620320855614974,0.7620320855614974,0.0,0.5522353163910307,0.5501475784302086,0.6605993674621067,0.0112854670226157
cancer,chebyshev,iqr,none,0.6591406403945419,0.6591406403945421,0.6591406403945421,2.220446049250313e-16,0.917085427135678,0.9170854271356784,0.9170854271356784,3.3306690738754696e-16,0.6678486815214042,0.6678486815214042,0.6678486815214042,0.0
cancer,correlation,none,standard,0.1980941017591724,0.1962491730268699,0.2025228126806338,0.0018301097325296,0.7233567662565905,0.7223198594024605,0.7258347978910369,0.0010276312060487,0.1344536665752512,0.1342153788185951,0.1351296873186014,0.0002464399717377
cancer,cosine,none,standard,0.6895101130661684,0.6895101130661687,0.6895101130661687,3.3306690738754696e-16,0.9156414762741651,0.9156414762741651,0.9156414762741651,1.1102230246251563e-16,0.3208794419097734,0.3208794419097734,0.3208794419097734,5.551115123125783e-17
cancer,euclidean,iqr,robust,0.7557775571818723,0.7455913260522707,0.7653765334837428,0.0040123610008019,0.9395226130653264,0.9371859296482412,0.942211055276382,0.0009570852741075,0.3520958383528904,0.350418735578808,0.3581241488455417,0.0030450047237617
cancer,hamming,iqr,none,0.0069674481869979,-0.0125220681662448,0.0235932985402631,0.0112900724572802,0.755567310235387,0.7537688442211056,0.7587939698492462,0.0022668291285073,0.137210765547935,-0.3352769987235106,0.512952103364787,0.3253110297060894
cancer,manhattan,iqr,minmax,0.7349315070774104,0.7349315070774105,0.7349315070774105,1.1102230246251563e-16,0.934673366834171,0.9346733668341708,0.9346733668341708,1.1102230246251563e-16,0.3325198426203433,0.3325198426203434,0.3325198426203434,5.551115123125783e-17
cancer,minkowski,zscore,minmax,0.7271617038339265,0.7100511794887737,0.7319151853353071,0.0084162264296094,0.927979797979798,0.9232323232323232,0.9292929292929292,0.0023276199235965,0.3584747944055084,0.3571216361485758,0.3627797855124586,0.0023485561855442
ecoli,chebyshev,none,minmax,0.4466197774591284,0.3276138286017269,0.6551866599363897,0.073826643283115,0.7989285714285714,0.7410714285714286,0.8541666666666666,0.0224473432716356,0.2245855781761765,0.1243525743663427,0.2984289668425123,0.0310619938508708
ecoli,correlation,iqr,none,0.4036757355523129,0.4029573090367414,0.4041959754428992,0.000611354342305,0.6592810457516342,0.6535947712418301,0.6633986928104575,0.0048388088938247,0.0363804231974563,-0.0357209595229976,0.0885917693053712,0.0613556048627739
ecoli,cosine,none,standard,0.4214225514125341,0.3233141411779715,0.6286876212982317,0.0524411765738399,0.8004166666666666,0.7470238095238095,0.8303571428571429,0.0166178067827127,0.2225199461432196,0.1259001539223009,0.3093167005580441,0.0288410189112857
ecoli,euclidean,none,standard,0.4647414084591745,0.3374035204409349,0.7529350305758264,0.0902854108444877,0.8162202380952379,0.7410714285714286,0.8630952380952381,0.0262424234557748,0.2429439295290143,0.1672858065823868,0.3287954995380533,0.0274795474122395
ecoli,hamming,none,robust,0.0259423002632352,-0.0513536711773203,0.0954153666214695,0.0283512780116075,0.4463690476190476,0.4255952380952381,0.4851190476190476,0.0116488870839571,-0.1584318748253465,-0.2715270648554829,-0.0417475901269895,0.0477900568873429
ecoli,manhattan,none,standard,0.4412585229289582,0.3363359635183219,0.6897547114370769,0.0744053588531149,0.8067857142857144,0.7380952380952381,0.8660714285714286,0.025308751052128,0.2237945921671201,0.1520583725024339,0.3339961298758461,0.030465821303016
ecoli,minkowski,none,standard,0.4747182551608471,0.372811593078492,0.7175017044386933,0.0766117918687229,0.8209821428571427,0.7708333333333334,0.8541666666666666,0.0186641790662064,0.2431451101168709,0.1669102844965042,0.3193678402837816,0.0253951587837376
glass,chebyshev,none,none,0.2475401822563214,0.1726391502302975,0.290575159233952,0.0329022546619115,0.5624766355140186,0.4906542056074766,0.6401869158878505,0.0238423560900602,0.3562442189421645,0.1671043160604766,0.5624956528503953,0.0844898799209263
glass,correlation,zscore,standard,0.199993633600695,0.0208302045853342,0.2940594653993408,0.0492958782739021,0.5066494845360824,0.4278350515463917,0.6134020618556701,0.0403927406035256,0.25767598731043,-0.1993747254593316,0.3702019299942031,0.1491560591422401
glass,cosine,none,none,0.2446749230481739,0.1663675987257459,0.2889562956211757,0.0330122371672782,0.5737383177570092,0.4859813084112149,0.6448598130841121,0.0384689290587354,0.3310354114585649,0.1879031835846229,0.5703691120322009,0.095050670315439
glass,euclidean,none,none,0.2388495236795787,0.1497986352530525,0.2934975218729923,0.0364097878858497,0.575233644859813,0.4906542056074766,0.6448598130841121,0.0371458588673031,0.3334093100856386,0.188781617736767,0.4547523880292266,0.0987652499276358
glass,hamming,zscore,minmax,0.1261088466894965,-0.025334879068183,0.188204505322448,0.0388359038965004,0.4781958762886597,0.3969072164948453,0.4948453608247423,0.0149902543889255,0.0355666515918349,-0.2345173867661387,0.197836600728777,0.096950241930996
glass,manhattan,none,none,0.2454915296306992,0.1705093052030716,0.280173704146246,0.0227758098836271,0.5792990654205608,0.5046728971962616,0.6448598130841121,0.032296819485344,0.3628306848934662,0.2054407825356012,0.566943995994654,0.0895886111925078
glass,minkowski,none,none,0.2419163893605211,0.140299175799871,0.2943009972239355,0.03609533173062,0.5755140186915888,0.4813084112149532,0.6355140186915887,0.033238196549206,0.3344860392239137,0.1815360153769239,0.443618056265055,0.0931342152735354
iris,chebyshev,none,none,0.6763830746205616,0.4326146709667901,0.7155592175135396,0.0970982600449097,0.8558666666666668,0.6666666666666666,0.8866666666666667,0.0763371469207488,0.5405684257436159,0.4282412805440573,0.5444674178257488,0.0133317088662388
iris,correlation,none,minmax,0.5657466140922338,0.5657466140922338,0.5657466140922338,0.0,0.6733333333333335,0.6733333333333333,0.6733333333333333,1.1102230246251563e-16,0.180423050168305,0.180423050168305,0.180423050168305,2.775557561562892e-17
iris,cosine,iqr,none,0.8477599573263072,0.4359721999114274,0.9188032745638312,0.1652149850805827,0.928082191780822,0.6643835616438356,0.9726027397260274,0.1064291880891366,0.4848273015836388,0.436457407887001,0.4922912567735946,0.0145604986782994
iris,euclidean,none,none,0.6855510140788874,0.4289511167236898,0.7302382722834697,0.0992866131541335,0.8611999999999997,0.6666666666666666,0.8933333333333333,0.0752617949412434,0.5477023162092635,0.5172630288634874,0.5528190123564095,0.0113269787756532
iris,hamming,none,robust,0.0733811688342859,-0.0022332535286151,0.3419137773850835,0.0936566128842785,0.4512056737588651,0.34,0.6866666666666666,0.0729338750738852,0.0352192679092553,-0.3335816444909535,0.4142246642893825,0.1620132464402588
iris,manhattan,none,none,0.6831393711170012,0.432804702527474,0.7172759168337549,0.0924422028015061,0.8602666666666667,0.6666666666666666,0.8866666666666667,0.0714915379607964,0.5490127260181537,0.5172630288634874,0.5533422301756081,0.0117243526827304
iris,minkowski,iqr,none,0.6789701621448856,0.417968086809257,0.7185430251414886,0.0901832084833729,0.8621917808219179,0.6643835616438356,0.8904109589041096,0.0696160016806346,0.549751648878647,0.5069868055984792,0.5542769562172641,0.0106700470621857
seeds,chebyshev,none,minmax,0.7719997445819143,0.4111538558245958,0.8110809804859893,0.0568579179937771,0.9154761904761908,0.6619047619047619,0.9333333333333332,0.0372183299146086,0.4081083262664344,0.3429264241343812,0.412227177439818,0.0089663666626112
seeds,correlation,none,minmax,0.4110861581818406,0.4110861581818407,0.4110861581818407,5.551115123125783e-17,0.6333333333333332,0.6333333333333333,0.6333333333333333,1.1102230246251563e-16,0.1200737317989107,0.1200737317989107,0.1200737317989107,0.0
seeds,cosine,zscore,standard,0.6849085016451086,0.6753177613190047,0.6859268809698674,0.0026484798222347,0.8794711538461537,0.875,0.8798076923076923,0.0012266683482858,0.3973546301028254,0.3952005415592615,0.398078627056102,0.0008223180910734
seeds,euclidean,zscore,standard,0.7786515867769732,0.7565413275221635,0.8093867307205523,0.0104228064263671,0.92125,0.9134615384615384,0.9326923076923076,0.0039516774207759,0.4055474066568039,0.4037982366035469,0.4078835088995659,0.0018649148143806
seeds,hamming,none,standard,0.0002833203844755,-0.0002276413699364,0.0019700096188734,0.0003639224405028,0.3492380952380953,0.3380952380952381,0.3619047619047619,0.0049587870655027,-0.2182007296715968,-0.4223535407855185,0.1706132027292991,0.1353115398320152
seeds,manhattan,zscore,robust,0.7221064753047487,0.7017442231729901,0.7466564169943136,0.020630897394456,0.898125,0.8894230769230769,0.908653846153846,0.0088308552913925,0.3809506455247303,0.3771239325352075,0.385881016546652,0.0040196228809863
seeds,minkowski,none,standard,0.7579893891746318,0.3966856499404593,0.7730246875577171,0.0367319520641785,0.9116190476190476,0.6666666666666666,0.919047619047619,0.0247373504631459,0.4043400668015317,0.3311179988769966,0.4055422827798171,0.0073683297713417
vertebral,chebyshev,iqr,none,0.4111624734517556,0.4096706760821799,0.4156378655604827,0.0025838688387027,0.7526881720430108,0.7526881720430108,0.7526881720430108,0.0,0.3667111738156566,0.3658564735153217,0.3692752747166611,0.0014803843454243
vertebral,correlation,iqr,standard,0.3505913161236966,0.3435736362765511,0.3538311329669477,0.003265469208157,0.67921146953405,0.6738351254480287,0.6845878136200717,0.0053041751207701,0.0991053179743437,0.0723311198173661,0.1166836645453091,0.0173066925756237
vertebral,cosine,zscore,minmax,0.377791212535868,0.2764035972079566,0.5239952129639566,0.0734210194235381,0.7070134228187919,0.6442953020134228,0.7885906040268457,0.016258345973443,0.2151812774723777,0.1714604452453381,0.2678107052414012,0.0400792129602532
vertebral,euclidean,zscore,none,0.3370461835929567,0.3197383286810192,0.346270739452659,0.0123060565921676,0.7312751677852348,0.7248322147651006,0.7348993288590604,0.0048322147651006,0.3726794049956079,0.371570837932852,0.3760787654272824,0.0017110669761971
vertebral,hamming,none,robust,0.0003070206263792,-0.0126966386395663,0.0176382165430042,0.0051090616132736,0.4875483870967741,0.4838709677419355,0.4967741935483871,0.0033838694301789,-0.2149838507940318,-0.3723026950419864,0.1291702981870849,0.107619975746271
vertebral,manhattan,zscore,none,0.2699485244661513,0.2620954793236503,0.2767659195501024,0.0021644323305862,0.6915771812080539,0.6879194630872483,0.7013422818791947,0.0048185629303789,0.356146127748267,0.3516486468490397,0.3642996674147402,0.0057248919844401
vertebral,minkowski,zscore,none,0.3630511826151105,0.3567091191488248,0.3660457634686264,0.0037600432591841,0.7407382550335572,0.738255033557047,0.7416107382550335,0.0014719269932524,0.3723865581415468,0.3723114373564017,0.3725906557180075,0.0001235487076236
wine,chebyshev,iqr,minmax,0.7566985869435721,0.2698517203870155,0.8227964212008559,0.0723253832231256,0.9096894409937888,0.5838509316770186,0.937888198757764,0.0448533224144576,0.2830999763708289,0.1434786892316387,0.2966955779521721,0.0203639439552656
wine,correlation,zscore,minmax,0.4306219910692809,0.3703659333571549,0.4701485645955784,0.0445718060402411,0.6229166666666667,0.6190476190476191,0.625,0.0028391047661218,0.3001608133395338,0.2833866206366943,0.309289007432903,0.0123091429070826
wine,cosine,zscore,standard,0.8624834507774939,0.8360850785499555,0.8814027333037913,0.0211823404216939,0.950892857142857,0.9404761904761904,0.9583333333333334,0.0083492619875628,0.2963913873925083,0.2945801459223257,0.2977125920739372,0.0014624545178957
wine,euclidean,zscore,standard,0.9367386053849492,0.3456730986620147,0.9653440352917028,0.0600974645150151,0.9770833333333336,0.625,0.988095238095238,0.0355190596690458,0.2981183316449396,0.2030373308776568,0.2995483914932954,0.0095596952177212
wine,hamming,iqr,none,0.0065763985348817,-0.0127825238889569,0.0684524472664518,0.0121823117069234,0.3991184131436585,0.3788819875776397,0.4658385093167702,0.0157475482808507,-0.1160342665045248,-0.3790739694664986,0.116012159512112,0.1088409251763568
wine,manhattan,zscore,standard,0.912271515121712,0.8930758101726675,0.9277923863302016,0.0148246436478039,0.9708333333333334,0.9642857142857144,0.9761904761904762,0.0050857165150699,0.2948324229495272,0.2925760092336577,0.2962118701523847,0.0017595059121874
wine,minkowski,iqr,minmax,0.9051408173414144,0.3487424509364297,0.9277321602324512,0.0576524620841849,0.9652795031055904,0.6211180124223602,0.9751552795031057,0.0349937579513773,0.313222180278536,0.2304834611953473,0.3149475417367918,0.0083555830427669
