outlier,norm,metric,inertia_mean,inertia_std,inertia_min,inertia_max,silhouette_mean,silhouette_std,silhouette_min,silhouette_max,ari_mean,ari_std,ari_min,ari_max,nmi_mean,nmi_std,nmi_min,nmi_max,acc_mean,acc_std,acc_min,acc_max
none,none,euclidean,78.85369443938934,0.0021075009111228664,78.85144142614601,78.8556658259773,0.5519510615634401,0.0008118936239674842,0.551191604619592,0.5528190123564095,0.7228269871636711,0.006932622428495416,0.7163421126838476,0.7302382722834697,0.7495015376996477,0.008113917158415446,0.7419116631817836,0.7581756800057784,0.889777777777778,0.0033259176771323587,0.8866666666666667,0.8933333333333333
none,none,manhattan,78.85369443938934,0.0021075009111228664,78.85144142614601,78.8556658259773,0.5519510615634401,0.0008118936239674842,0.551191604619592,0.5528190123564095,0.7228269871636711,0.006932622428495416,0.7163421126838476,0.7302382722834697,0.7495015376996477,0.008113917158415446,0.7419116631817836,0.7581756800057784,0.889777777777778,0.0033259176771323587,0.8866666666666667,0.8933333333333333
none,none,cosine,0.33560020726983714,0.04833652749793105,0.3226817404832856,0.5167302089919621,0.4846412437082734,0.00820848544124581,0.44961438508585067,0.4868115331911778,0.8730322011233861,0.11540105296600521,0.4396419301869802,0.9038742317748124,0.8829283250412215,0.06272994338413423,0.6475520888746005,0.8996935451597475,0.9366666666666663,0.11227941336980107,0.5066666666666667,0.9666666666666667
none,none,chebyshev,78.85369443938934,0.0021075009111228664,78.85144142614601,78.8556658259773,0.5519510615634401,0.0008118936239674842,0.551191604619592,0.5528190123564095,0.7228269871636711,0.006932622428495416,0.7163421126838476,0.7302382722834697,0.7495015376996477,0.008113917158415446,0.7419116631817836,0.7581756800057784,0.889777777777778,0.0033259176771323587,0.8866666666666667,0.8933333333333333
none,minmax,euclidean,7.2990990488270775,0.9626582888831431,6.982216473785234,10.892252904461213,0.4955950179806242,0.010464646377315624,0.48292893354301647,0.5047687565398589,0.6912494528888973,0.06946738805171028,0.432804702527474,0.7163421126838476,0.7207737760630715,0.03744234977249694,0.5895674488004073,0.7419116631817836,0.8635555555555555,0.07585040507879498,0.58,0.8866666666666667
none,minmax,manhattan,7.2990990488270775,0.9626582888831431,6.982216473785234,10.892252904461213,0.4955950179806242,0.010464646377315624,0.48292893354301647,0.5047687565398589,0.6912494528888973,0.06946738805171028,0.432804702527474,0.7163421126838476,0.7207737760630715,0.03744234977249694,0.5895674488004073,0.7419116631817836,0.8635555555555555,0.07585040507879498,0.58,0.8866666666666667
none,minmax,cosine,2.784988702627225,0.13921280800421806,2.6795792089304613,3.1446918291898927,0.35377341472217627,0.051509517572117226,0.31661044873035626,0.5323532834969982,0.5059396944103098,0.02055633624155284,0.46510738579056304,0.5583714437541352,0.6128661012350131,0.03927331608261757,0.5649585403351178,0.720117603611598,0.6895555555555554,0.05932168008742725,0.5733333333333334,0.7533333333333333
none,minmax,chebyshev,7.2990990488270775,0.9626582888831431,6.982216473785234,10.892252904461213,0.4955950179806242,0.010464646377315624,0.48292893354301647,0.5047687565398589,0.6912494528888973,0.06946738805171028,0.432804702527474,0.7163421126838476,0.7207737760630715,0.03744234977249694,0.5895674488004073,0.7419116631817836,0.8635555555555555,0.07585040507879498,0.58,0.8866666666666667
none,standard,euclidean,147.3296162595222,17.788547247481965,139.8204963597498,197.3146744844617,0.4616113873007859,0.007324661069332131,0.4565352255831263,0.4798814508199817,0.6001190299262652,0.06742655779103915,0.432804702527474,0.645147003482001,0.6492232625218487,0.022520897422343797,0.5895674488004073,0.6728438383674812,0.8026666666666666,0.09070260725559638,0.56,0.8533333333333334
none,standard,manhattan,147.3296162595222,17.788547247481965,139.8204963597498,197.3146744844617,0.4616113873007859,0.007324661069332131,0.4565352255831263,0.4798814508199817,0.6001190299262652,0.06742655779103915,0.432804702527474,0.645147003482001,0.6492232625218487,0.022520897422343797,0.5895674488004073,0.6728438383674812,0.8026666666666666,0.09070260725559638,0.56,0.8533333333333334
none,standard,cosine,29.80484858480808,0.2564541720367167,29.636959919715867,30.196588803356573,0.44744253812679474,0.0009006662536748578,0.4468529136577439,0.4488183285545807,0.6058295208959209,0.0031558929853199367,0.6037635039687198,0.6106502270593906,0.6556561101539309,0.000762722714210263,0.655156790929341,0.6568211883446413,0.822,0.0030550504633039127,0.82,0.8266666666666667
none,standard,chebyshev,147.3296162595222,17.788547247481965,139.8204963597498,197.3146744844617,0.4616113873007859,0.007324661069332131,0.4565352255831263,0.4798814508199817,0.6001190299262652,0.06742655779103915,0.432804702527474,0.645147003482001,0.6492232625218487,0.022520897422343797,0.5895674488004073,0.6728438383674812,0.8026666666666666,0.09070260725559638,0.56,0.8533333333333334
none,robust,euclidean,77.1186620333834,8.794911207764804,73.18403620977307,97.45968887074318,0.44488006844726663,0.004528349661178421,0.4430577774072145,0.45842827065676073,0.5542753345940032,0.04734977148681181,0.432804702527474,0.580252001964217,0.6157443306124366,0.015048600202252191,0.5895674488004073,0.6566239697856393,0.7699999999999998,0.08863992913488275,0.5666666666666667,0.8133333333333334
none,robust,manhattan,77.1186620333834,8.794911207764804,73.18403620977307,97.45968887074318,0.44488006844726663,0.004528349661178421,0.4430577774072145,0.45842827065676073,0.5542753345940032,0.04734977148681181,0.432804702527474,0.580252001964217,0.6157443306124366,0.015048600202252191,0.5895674488004073,0.6566239697856393,0.7699999999999998,0.08863992913488275,0.5666666666666667,0.8133333333333334
none,robust,cosine,37.373997033105844,0.04004173214302248,37.29550812014196,37.40436565682349,0.4298529700877655,0.0016275155501322,0.4283050278669908,0.4319869121755363,0.5234489366748757,0.013087426892127786,0.5022731346445274,0.5386071686540445,0.546029821583128,0.012126352202635011,0.5291248611347417,0.5616850486291458,0.7775555555555557,0.00981055113539737,0.76,0.7866666666666666
none,robust,chebyshev,77.1186620333834,8.794911207764804,73.18403620977307,97.45968887074318,0.44488006844726663,0.004528349661178421,0.4430577774072145,0.45842827065676073,0.5542753345940032,0.04734977148681181,0.432804702527474,0.580252001964217,0.6157443306124366,0.015048600202252191,0.5895674488004073,0.6566239697856393,0.7699999999999998,0.08863992913488275,0.5666666666666667,0.8133333333333334
zscore,none,euclidean,77.37220873110128,0.0021075009111299558,77.37023734451336,77.37446174434466,0.5524825284427558,0.0008136784519394893,0.5516126695884248,0.5532436549402953,0.7200549205808957,0.007028403639862522,0.7125412410390896,0.7266293901799755,0.7488876528503522,0.008167935183356897,0.7401557628464956,0.7565280566037269,0.8894854586129752,0.003348239272280927,0.8859060402684564,0.8926174496644296
zscore,none,manhattan,77.37220873110128,0.0021075009111299558,77.37023734451336,77.37446174434466,0.5524825284427558,0.0008136784519394893,0.5516126695884248,0.5532436549402953,0.7200549205808957,0.007028403639862522,0.7125412410390896,0.7266293901799755,0.7488876528503522,0.008167935183356897,0.7401557628464956,0.7565280566037269,0.8894854586129752,0.003348239272280927,0.8859060402684564,0.8926174496644296
zscore,none,cosine,0.3378500742092235,0.059061792543893495,0.31816283028374864,0.5154003291061027,0.4835941852547515,0.010445453519136748,0.4445306507481658,0.48702091878482195,0.8564078501414047,0.13850954632938817,0.43944231924377986,0.9025775147114491,0.8738643224583825,0.07545269441908026,0.646898385285746,0.8990151599539264,0.9221476510067116,0.1328972042289895,0.5167785234899329,0.9664429530201343
zscore,none,chebyshev,77.37220873110128,0.0021075009111299558,77.37023734451336,77.37446174434466,0.5524825284427558,0.0008136784519394893,0.5516126695884248,0.5532436549402953,0.7200549205808957,0.007028403639862522,0.7125412410390896,0.7266293901799755,0.7488876528503522,0.008167935183356897,0.7401557628464956,0.7565280566037269,0.8894854586129752,0.003348239272280927,0.8859060402684564,0.8926174496644296
zscore,minmax,euclidean,7.537610526879596,0.9843215686723761,7.241860955275695,11.216531640306611,0.49388577930451555,0.008810492891405114,0.48042822519855694,0.4996880510547434,0.6889685754588102,0.06966171151983973,0.42967212304040353,0.7125412410390896,0.7216801498127778,0.03800557965606678,0.5873421269770561,0.7401557628464958,0.86331096196868,0.07653132349907503,0.5771812080536913,0.8859060402684564
zscore,minmax,manhattan,7.537610526879596,0.9843215686723761,7.241860955275695,11.216531640306611,0.49388577930451555,0.008810492891405114,0.48042822519855694,0.4996880510547434,0.6889685754588102,0.06966171151983973,0.42967212304040353,0.7125412410390896,0.7216801498127778,0.03800557965606678,0.5873421269770561,0.7401557628464958,0.86331096196868,0.07653132349907503,0.5771812080536913,0.8859060402684564
zscore,minmax,cosine,2.6568651967553527,0.12508924749604128,2.5844144276037495,3.079200698666412,0.34129351844086586,0.030372673615062913,0.312402188034978,0.4277055198224761,0.5008111697608192,0.014979907614868504,0.4424628243755467,0.5266028072837633,0.5973003341120982,0.024118154962403476,0.5810982745180763,0.694133500955159,0.6975391498881433,0.045714283926864406,0.5302013422818792,0.7449664429530202
zscore,minmax,chebyshev,7.537610526879596,0.9843215686723761,7.241860955275695,11.216531640306611,0.49388577930451555,0.008810492891405114,0.48042822519855694,0.4996880510547434,0.6889685754588102,0.06966171151983973,0.42967212304040353,0.7125412410390896,0.7216801498127778,0.03800557965606678,0.5873421269770561,0.7401557628464958,0.86331096196868,0.07653132349907503,0.5771812080536913,0.8859060402684564
zscore,standard,euclidean,146.91692110633934,20.011923799692394,137.8729976190786,192.06403899404484,0.46370771057492594,0.007119475420081163,0.4582226829034871,0.4808561464017338,0.5829030540363311,0.07126149553734867,0.42306299896152116,0.63615493118934,0.6444925883945299,0.029456272654931503,0.5685682503503032,0.6706344899765273,0.7894854586129754,0.09335830741692666,0.5771812080536913,0.8456375838926175
zscore,standard,manhattan,146.91692110633934,20.011923799692394,137.8729976190786,192.06403899404484,0.46370771057492594,0.007119475420081163,0.4582226829034871,0.4808561464017338,0.5829030540363311,0.07126149553734867,0.42306299896152116,0.63615493118934,0.6444925883945299,0.029456272654931503,0.5685682503503032,0.6706344899765273,0.7894854586129754,0.09335830741692666,0.5771812080536913,0.8456375838926175
zscore,standard,cosine,29.939042811486576,0.2644105333274274,29.74179414807782,30.312613091012086,0.4510344744389023,0.0022738887615263085,0.44893071360574155,0.4547652228890165,0.5966778816255202,0.00948270403419738,0.5804665951578302,0.6057166512891416,0.6465676889504376,0.012673540500725073,0.6236336873822711,0.6545056341156015,0.8194630872483221,0.005007389101923794,0.8120805369127517,0.825503355704698
zscore,standard,chebyshev,146.91692110633934,20.011923799692394,137.8729976190786,192.06403899404484,0.46370771057492594,0.007119475420081163,0.4582226829034871,0.4808561464017338,0.5829030540363311,0.07126149553734867,0.42306299896152116,0.63615493118934,0.6444925883945299,0.029456272654931503,0.5685682503503032,0.6706344899765273,0.7894854586129754,0.09335830741692666,0.5771812080536913,0.8456375838926175
zscore,robust,euclidean,72.6171408805546,8.672777273965856,69.21338983055695,95.26946387555112,0.44706572526862426,0.0023927872813985195,0.43954438013408054,0.4482539443286713,0.551948861357853,0.04514278148297261,0.42967212304040353,0.5748162403295267,0.613181533753442,0.012345304464085573,0.5873421269770561,0.6474446439631089,0.7715883668903806,0.09388752951872878,0.5100671140939598,0.8120805369127517
zscore,robust,manhattan,72.6171408805546,8.672777273965856,69.21338983055695,95.26946387555112,0.44706572526862426,0.0023927872813985195,0.43954438013408054,0.4482539443286713,0.551948861357853,0.04514278148297261,0.42967212304040353,0.5748162403295267,0.613181533753442,0.012345304464085573,0.5873421269770561,0.6474446439631089,0.7715883668903806,0.09388752951872878,0.5100671140939598,0.8120805369127517
zscore,robust,cosine,36.96266051893633,0.04789075526592686,36.88694030044799,37.02038798318755,0.43415469254673855,0.0016214523946514845,0.4327174779688131,0.43643681833761017,0.5182496478838433,0.013006321249852829,0.49630983612424057,0.5329782324436582,0.543305234814519,0.012103235442615642,0.5262431254102762,0.5589282035251201,0.7767337807606265,0.009637878849457712,0.7583892617449665,0.785234899328859
zscore,robust,chebyshev,72.6171408805546,8.672777273965856,69.21338983055695,95.26946387555112,0.44706572526862426,0.0023927872813985195,0.43954438013408054,0.4482539443286713,0.551948861357853,0.04514278148297261,0.42967212304040353,0.5748162403295267,0.613181533753442,0.012345304464085573,0.5873421269770561,0.6474446439631089,0.7715883668903806,0.09388752951872878,0.5100671140939598,0.8120805369127517
iqr,none,euclidean,73.51047266259563,0.02779105118656715,73.47869237971103,73.53477523186032,0.5532432369046891,0.0009039613156571778,0.552452745665661,0.5542769562172641,0.710348982631931,0.0071654823097374075,0.704082950124622,0.7185430251414886,0.743102608122354,0.00824066693187471,0.7358963539380597,0.7525261712864313,0.8865296803652967,0.0033940796226754714,0.8835616438356164,0.8904109589041096
iqr,none,manhattan,73.51047266259563,0.02779105118656715,73.47869237971103,73.53477523186032,0.5532432369046891,0.0009039613156571778,0.552452745665661,0.5542769562172641,0.710348982631931,0.0071654823097374075,0.704082950124622,0.7185430251414886,0.743102608122354,0.00824066693187471,0.7358963539380597,0.7525261712864313,0.8865296803652967,0.0033940796226754714,0.8835616438356164,0.8904109589041096
iqr,none,cosine,0.3191736846642321,0.049821284513132794,0.30585838871962046,0.5057043552841919,0.48249695616584914,0.007852386534959196,0.4523602576295836,0.48459493058894815,0.8689282926292184,0.11493519673824783,0.43731649557389224,0.8996458258840202,0.8804475801817948,0.0627140156327372,0.6451115282274139,0.8972085396928167,0.9365296803652969,0.10935953898741661,0.5205479452054794,0.9657534246575342
iqr,none,chebyshev,73.51047266259563,0.02779105118656715,73.47869237971103,73.53477523186032,0.5532432369046891,0.0009039613156571778,0.552452745665661,0.5542769562172641,0.710348982631931,0.0071654823097374075,0.704082950124622,0.7185430251414886,0.743102608122354,0.00824066693187471,0.7358963539380597,0.7525261712864313,0.8865296803652967,0.0033940796226754714,0.8835616438356164,0.8904109589041096
iqr,minmax,euclidean,7.992970133258283,0.004199234455074263,7.989368933997591,7.998081390274455,0.4793148866278968,0.0025893024421598555,0.47715622732814167,0.4827657290179188,0.6652118880337531,0.008822302990192508,0.6496408411595946,0.6764429331582726,0.6953358154898347,0.009500605607612478,0.681926175147298,0.7085158453154095,0.8643835616438357,0.004473953868097147,0.8561643835616438,0.8698630136986302
iqr,minmax,manhattan,7.992970133258283,0.004199234455074263,7.989368933997591,7.998081390274455,0.4793148866278968,0.0025893024421598555,0.47715622732814167,0.4827657290179188,0.6652118880337531,0.008822302990192508,0.6496408411595946,0.6764429331582726,0.6953358154898347,0.009500605607612478,0.681926175147298,0.7085158453154095,0.8643835616438357,0.004473953868097147,0.8561643835616438,0.8698630136986302
iqr,minmax,cosine,2.546001045225256,0.25059952146549125,2.4469227803297393,3.184903259860082,0.3661389800208095,0.02047857940531769,0.3564716279484856,0.41814461088470695,0.46067233639434574,0.008845614491769549,0.4381939131952146,0.46478720490816083,0.5598028139230221,0.022869513316704487,0.5499516883361959,0.6180810932125442,0.6490867579908675,0.03176799326446284,0.5684931506849316,0.6643835616438356
iqr,minmax,chebyshev,7.992970133258283,0.004199234455074263,7.989368933997591,7.998081390274455,0.4793148866278968,0.0025893024421598555,0.47715622732814167,0.4827657290179188,0.6652118880337531,0.008822302990192508,0.6496408411595946,0.6764429331582726,0.6953358154898347,0.009500605607612478,0.681926175147298,0.7085158453154095,0.8643835616438357,0.004473953868097147,0.8561643835616438,0.8698630136986302
iqr,standard,euclidean,138.53086468594685,13.776954663940653,134.34583168285369,190.04296524192608,0.46476834441107767,0.0064011366462533624,0.46003837910849643,0.4859252199034674,0.5830824542010515,0.042508140922609405,0.4293842080225439,0.6059487011420586,0.6349394481889961,0.011438985131483932,0.5936626951516508,0.6418813949214447,0.8070776255707766,0.06461832583094085,0.5684931506849316,0.8356164383561644
iqr,standard,manhattan,138.53086468594685,13.776954663940653,134.34583168285369,190.04296524192608,0.46476834441107767,0.0064011366462533624,0.46003837910849643,0.4859252199034674,0.5830824542010515,0.042508140922609405,0.4293842080225439,0.6059487011420586,0.6349394481889961,0.011438985131483932,0.5936626951516508,0.6418813949214447,0.8070776255707766,0.06461832583094085,0.5684931506849316,0.8356164383561644
iqr,standard,cosine,30.07754391305794,1.0658141036401503e-14,30.07754391305793,30.07754391305793,0.45279130934464146,1.1102230246251565e-16,0.45279130934464135,0.45279130934464135,0.5699352345869007,1.1102230246251565e-16,0.5699352345869008,0.5699352345869008,0.6178892924879744,9.507381976999465e-17,0.6178892924879744,0.6178892924879745,0.8082191780821915,3.3306690738754696e-16,0.8082191780821918,0.8082191780821918
iqr,standard,chebyshev,138.53086468594685,13.776954663940653,134.34583168285369,190.04296524192608,0.46476834441107767,0.0064011366462533624,0.46003837910849643,0.4859252199034674,0.5830824542010515,0.042508140922609405,0.4293842080225439,0.6059487011420586,0.6349394481889961,0.011438985131483932,0.5936626951516508,0.6418813949214447,0.8070776255707766,0.06461832583094085,0.5684931506849316,0.8356164383561644
iqr,robust,euclidean,65.81495980445344,8.385625638042786,62.52804808721331,88.62403161951615,0.45330050117787335,0.006722848134232452,0.4360846554901817,0.485576974136791,0.5493792574047539,0.041066189944909834,0.4207600243262903,0.5635913954016283,0.6090361864206499,0.019346661137772187,0.5748305422142087,0.7067339054882813,0.7803652968036527,0.07295797760145507,0.5684931506849316,0.8082191780821918
iqr,robust,manhattan,65.81495980445344,8.385625638042786,62.52804808721331,88.62403161951615,0.45330050117787335,0.006722848134232452,0.4360846554901817,0.485576974136791,0.5493792574047539,0.041066189944909834,0.4207600243262903,0.5635913954016283,0.6090361864206499,0.019346661137772187,0.5748305422142087,0.7067339054882813,0.7803652968036527,0.07295797760145507,0.5684931506849316,0.8082191780821918
iqr,robust,cosine,36.106680820710764,0.017676998548915395,36.08119433760483,36.12642821507558,0.43680583003962975,0.001533313670724933,0.4353097640442445,0.43923834655730937,0.49692676773844974,0.008663996361021397,0.484915673190135,0.5058314330283145,0.5296095568881062,0.006547625278334859,0.5198588809471258,0.5356028483008188,0.7639269406392692,0.008795141682309675,0.7534246575342466,0.773972602739726
iqr,robust,chebyshev,65.81495980445344,8.385625638042786,62.52804808721331,88.62403161951615,0.45330050117787335,0.006722848134232452,0.4360846554901817,0.485576974136791,0.5493792574047539,0.041066189944909834,0.4207600243262903,0.5635913954016283,0.6090361864206499,0.019346661137772187,0.5748305422142087,0.7067339054882813,0.7803652968036527,0.07295797760145507,0.5684931506849316,0.8082191780821918
