dataset,norm,outlier_method,metric,ari_mean,ari_min,ari_max,ari_std,acc_mean,acc_min,acc_max,acc_std,hungarian_acc_mean,hungarian_acc_std,hungarian_acc_min,hungarian_acc_max,silhouette_mean,silhouette_min,silhouette_max,silhouette_std
balance,minmax,none,hamming,0.0213250419465949,-0.004465960066421,0.1011995874066637,0.0213245734534209,0.5366880000000002,0.4704,0.6416,0.034914665342804,0.434448,0.0316237520860507,0.3792,0.5296,0.0759927787280043,0.0687856257384639,0.1070938369792903,0.0047403126296434
balance,minmax,zscore,hamming,0.0213250419465949,-0.004465960066421,0.1011995874066637,0.0213245734534209,0.5366880000000002,0.4704,0.6416,0.034914665342804,0.434448,0.0316237520860507,0.3792,0.5296,0.0759927787280043,0.0687856257384639,0.1070938369792903,0.0047403126296434
balance,minmax,zscore_2.5,hamming,0.0213250419465949,-0.004465960066421,0.1011995874066637,0.0213245734534209,0.5366880000000002,0.4704,0.6416,0.034914665342804,0.434448,0.0316237520860507,0.3792,0.5296,0.0759927787280043,0.0687856257384639,0.1070938369792903,0.0047403126296434
balance,minmax,zscore_3.5,hamming,0.0213250419465949,-0.004465960066421,0.1011995874066637,0.0213245734534209,0.5366880000000002,0.4704,0.6416,0.034914665342804,0.434448,0.0316237520860507,0.3792,0.5296,0.0759927787280043,0.0687856257384639,0.1070938369792903,0.0047403126296434
balance,minmax,iqr,hamming,0.0213250419465949,-0.004465960066421,0.1011995874066637,0.0213245734534209,0.5366880000000002,0.4704,0.6416,0.034914665342804,0.434448,0.0316237520860507,0.3792,0.5296,0.0759927787280043,0.0687856257384639,0.1070938369792903,0.0047403126296434
balance,minmax,iqr_1.2,hamming,0.0213250419465949,-0.004465960066421,0.1011995874066637,0.0213245734534209,0.5366880000000002,0.4704,0.6416,0.034914665342804,0.434448,0.0316237520860507,0.3792,0.5296,0.0759927787280043,0.0687856257384639,0.1070938369792903,0.0047403126296434
balance,minmax,iqr_1.8,hamming,0.0213250419465949,-0.004465960066421,0.1011995874066637,0.0213245734534209,0.5366880000000002,0.4704,0.6416,0.034914665342804,0.434448,0.0316237520860507,0.3792,0.5296,0.0759927787280043,0.0687856257384639,0.1070938369792903,0.0047403126296434
balance,minmax,zscore_robust,hamming,0.0213250419465949,-0.004465960066421,0.1011995874066637,0.0213245734534209,0.5366880000000002,0.4704,0.6416,0.034914665342804,0.434448,0.0316237520860507,0.3792,0.5296,0.0759927787280043,0.0687856257384639,0.1070938369792903,0.0047403126296434
balance,minmax,zscore_robust_2.5,hamming,0.0213250419465949,-0.004465960066421,0.1011995874066637,0.0213245734534209,0.5366880000000002,0.4704,0.6416,0.034914665342804,0.434448,0.0316237520860507,0.3792,0.5296,0.0759927787280043,0.0687856257384639,0.1070938369792903,0.0047403126296434
balance,minmax,zscore_robust_3.5,hamming,0.0213250419465949,-0.004465960066421,0.1011995874066637,0.0213245734534209,0.5366880000000002,0.4704,0.6416,0.034914665342804,0.434448,0.0316237520860507,0.3792,0.5296,0.0759927787280043,0.0687856257384639,0.1070938369792903,0.0047403126296434
balance,none,none,hamming,0.0213250419465949,-0.004465960066421,0.1011995874066637,0.0213245734534209,0.5366880000000002,0.4704,0.6416,0.034914665342804,0.434448,0.0316237520860507,0.3792,0.5296,0.0759927787280043,0.0687856257384639,0.1070938369792903,0.0047403126296434
balance,none,zscore,hamming,0.0213250419465949,-0.004465960066421,0.1011995874066637,0.0213245734534209,0.5366880000000002,0.4704,0.6416,0.034914665342804,0.434448,0.0316237520860507,0.3792,0.5296,0.0759927787280043,0.0687856257384639,0.1070938369792903,0.0047403126296434
balance,none,zscore_2.5,hamming,0.0213250419465949,-0.004465960066421,0.1011995874066637,0.0213245734534209,0.5366880000000002,0.4704,0.6416,0.034914665342804,0.434448,0.0316237520860507,0.3792,0.5296,0.0759927787280043,0.0687856257384639,0.1070938369792903,0.0047403126296434
balance,none,zscore_3.5,hamming,0.0213250419465949,-0.004465960066421,0.1011995874066637,0.0213245734534209,0.5366880000000002,0.4704,0.6416,0.034914665342804,0.434448,0.0316237520860507,0.3792,0.5296,0.0759927787280043,0.0687856257384639,0.1070938369792903,0.0047403126296434
balance,none,iqr,hamming,0.0213250419465949,-0.004465960066421,0.1011995874066637,0.0213245734534209,0.5366880000000002,0.4704,0.6416,0.034914665342804,0.434448,0.0316237520860507,0.3792,0.5296,0.0759927787280043,0.0687856257384639,0.1070938369792903,0.0047403126296434
balance,none,iqr_1.2,hamming,0.0213250419465949,-0.004465960066421,0.1011995874066637,0.0213245734534209,0.5366880000000002,0.4704,0.6416,0.034914665342804,0.434448,0.0316237520860507,0.3792,0.5296,0.0759927787280043,0.0687856257384639,0.1070938369792903,0.0047403126296434
balance,none,iqr_1.8,hamming,0.0213250419465949,-0.004465960066421,0.1011995874066637,0.0213245734534209,0.5366880000000002,0.4704,0.6416,0.034914665342804,0.434448,0.0316237520860507,0.3792,0.5296,0.0759927787280043,0.0687856257384639,0.1070938369792903,0.0047403126296434
balance,none,zscore_robust,hamming,0.0213250419465949,-0.004465960066421,0.1011995874066637,0.0213245734534209,0.5366880000000002,0.4704,0.6416,0.034914665342804,0.434448,0.0316237520860507,0.3792,0.5296,0.0759927787280043,0.0687856257384639,0.1070938369792903,0.0047403126296434
balance,none,zscore_robust_2.5,hamming,0.0213250419465949,-0.004465960066421,0.1011995874066637,0.0213245734534209,0.5366880000000002,0.4704,0.6416,0.034914665342804,0.434448,0.0316237520860507,0.3792,0.5296,0.0759927787280043,0.0687856257384639,0.1070938369792903,0.0047403126296434
balance,none,zscore_robust_3.5,hamming,0.0213250419465949,-0.004465960066421,0.1011995874066637,0.0213245734534209,0.5366880000000002,0.4704,0.6416,0.034914665342804,0.434448,0.0316237520860507,0.3792,0.5296,0.0759927787280043,0.0687856257384639,0.1070938369792903,0.0047403126296434
balance,robust,none,hamming,0.0213250419465949,-0.004465960066421,0.1011995874066637,0.0213245734534209,0.5366880000000002,0.4704,0.6416,0.034914665342804,0.434448,0.0316237520860507,0.3792,0.5296,0.0759927787280043,0.0687856257384639,0.1070938369792903,0.0047403126296434
balance,robust,zscore,hamming,0.0213250419465949,-0.004465960066421,0.1011995874066637,0.0213245734534209,0.5366880000000002,0.4704,0.6416,0.034914665342804,0.434448,0.0316237520860507,0.3792,0.5296,0.0759927787280043,0.0687856257384639,0.1070938369792903,0.0047403126296434
balance,robust,zscore_2.5,hamming,0.0213250419465949,-0.004465960066421,0.1011995874066637,0.0213245734534209,0.5366880000000002,0.4704,0.6416,0.034914665342804,0.434448,0.0316237520860507,0.3792,0.5296,0.0759927787280043,0.0687856257384639,0.1070938369792903,0.0047403126296434
balance,robust,zscore_3.5,hamming,0.0213250419465949,-0.004465960066421,0.1011995874066637,0.0213245734534209,0.5366880000000002,0.4704,0.6416,0.034914665342804,0.434448,0.0316237520860507,0.3792,0.5296,0.0759927787280043,0.0687856257384639,0.1070938369792903,0.0047403126296434
balance,robust,iqr,hamming,0.0213250419465949,-0.004465960066421,0.1011995874066637,0.0213245734534209,0.5366880000000002,0.4704,0.6416,0.034914665342804,0.434448,0.0316237520860507,0.3792,0.5296,0.0759927787280043,0.0687856257384639,0.1070938369792903,0.0047403126296434
balance,robust,iqr_1.2,hamming,0.0213250419465949,-0.004465960066421,0.1011995874066637,0.0213245734534209,0.5366880000000002,0.4704,0.6416,0.034914665342804,0.434448,0.0316237520860507,0.3792,0.5296,0.0759927787280043,0.0687856257384639,0.1070938369792903,0.0047403126296434
balance,robust,iqr_1.8,hamming,0.0213250419465949,-0.004465960066421,0.1011995874066637,0.0213245734534209,0.5366880000000002,0.4704,0.6416,0.034914665342804,0.434448,0.0316237520860507,0.3792,0.5296,0.0759927787280043,0.0687856257384639,0.1070938369792903,0.0047403126296434
balance,robust,zscore_robust,hamming,0.0213250419465949,-0.004465960066421,0.1011995874066637,0.0213245734534209,0.5366880000000002,0.4704,0.6416,0.034914665342804,0.434448,0.0316237520860507,0.3792,0.5296,0.0759927787280043,0.0687856257384639,0.1070938369792903,0.0047403126296434
balance,robust,zscore_robust_2.5,hamming,0.0213250419465949,-0.004465960066421,0.1011995874066637,0.0213245734534209,0.5366880000000002,0.4704,0.6416,0.034914665342804,0.434448,0.0316237520860507,0.3792,0.5296,0.0759927787280043,0.0687856257384639,0.1070938369792903,0.0047403126296434
balance,robust,zscore_robust_3.5,hamming,0.0213250419465949,-0.004465960066421,0.1011995874066637,0.0213245734534209,0.5366880000000002,0.4704,0.6416,0.034914665342804,0.434448,0.0316237520860507,0.3792,0.5296,0.0759927787280043,0.0687856257384639,0.1070938369792903,0.0047403126296434
balance,standard,none,hamming,0.0213250419465949,-0.004465960066421,0.1011995874066637,0.0213245734534209,0.5366880000000002,0.4704,0.6416,0.034914665342804,0.434448,0.0316237520860507,0.3792,0.5296,0.0759927787280043,0.0687856257384639,0.1070938369792903,0.0047403126296434
balance,standard,zscore,hamming,0.0213250419465949,-0.004465960066421,0.1011995874066637,0.0213245734534209,0.5366880000000002,0.4704,0.6416,0.034914665342804,0.434448,0.0316237520860507,0.3792,0.5296,0.0759927787280043,0.0687856257384639,0.1070938369792903,0.0047403126296434
balance,standard,zscore_2.5,hamming,0.0213250419465949,-0.004465960066421,0.1011995874066637,0.0213245734534209,0.5366880000000002,0.4704,0.6416,0.034914665342804,0.434448,0.0316237520860507,0.3792,0.5296,0.0759927787280043,0.0687856257384639,0.1070938369792903,0.0047403126296434
balance,standard,zscore_3.5,hamming,0.0213250419465949,-0.004465960066421,0.1011995874066637,0.0213245734534209,0.5366880000000002,0.4704,0.6416,0.034914665342804,0.434448,0.0316237520860507,0.3792,0.5296,0.0759927787280043,0.0687856257384639,0.1070938369792903,0.0047403126296434
balance,standard,iqr,hamming,0.0213250419465949,-0.004465960066421,0.1011995874066637,0.0213245734534209,0.5366880000000002,0.4704,0.6416,0.034914665342804,0.434448,0.0316237520860507,0.3792,0.5296,0.0759927787280043,0.0687856257384639,0.1070938369792903,0.0047403126296434
balance,standard,iqr_1.2,hamming,0.0213250419465949,-0.004465960066421,0.1011995874066637,0.0213245734534209,0.5366880000000002,0.4704,0.6416,0.034914665342804,0.434448,0.0316237520860507,0.3792,0.5296,0.0759927787280043,0.0687856257384639,0.1070938369792903,0.0047403126296434
balance,standard,iqr_1.8,hamming,0.0213250419465949,-0.004465960066421,0.1011995874066637,0.0213245734534209,0.5366880000000002,0.4704,0.6416,0.034914665342804,0.434448,0.0316237520860507,0.3792,0.5296,0.0759927787280043,0.0687856257384639,0.1070938369792903,0.0047403126296434
balance,standard,zscore_robust,hamming,0.0213250419465949,-0.004465960066421,0.1011995874066637,0.0213245734534209,0.5366880000000002,0.4704,0.6416,0.034914665342804,0.434448,0.0316237520860507,0.3792,0.5296,0.0759927787280043,0.0687856257384639,0.1070938369792903,0.0047403126296434
balance,standard,zscore_robust_2.5,hamming,0.0213250419465949,-0.004465960066421,0.1011995874066637,0.0213245734534209,0.5366880000000002,0.4704,0.6416,0.034914665342804,0.434448,0.0316237520860507,0.3792,0.5296,0.0759927787280043,0.0687856257384639,0.1070938369792903,0.0047403126296434
balance,standard,zscore_robust_3.5,hamming,0.0213250419465949,-0.004465960066421,0.1011995874066637,0.0213245734534209,0.5366880000000002,0.4704,0.6416,0.034914665342804,0.434448,0.0316237520860507,0.3792,0.5296,0.0759927787280043,0.0687856257384639,0.1070938369792903,0.0047403126296434
blood,minmax,none,chebyshev,-0.0161725779098106,-0.0161725779098107,-0.0161725779098107,3.469446951953614e-18,0.7620320855614974,0.7620320855614974,0.7620320855614974,0.0,0.5762032085561498,1.1102230246251563e-16,0.5762032085561497,0.5762032085561497,0.5278092133595961,0.527809213359596,0.527809213359596,1.1102230246251563e-16
blood,none,iqr_1.8,cosine,-0.0592878070875315,-0.0592878070875315,-0.0592878070875315,6.938893903907228e-18,0.7720279720279721,0.772027972027972,0.772027972027972,1.1102230246251563e-16,0.5314685314685317,2.220446049250313e-16,0.5314685314685315,0.5314685314685315,0.7324821210112934,0.7324821210112936,0.7324821210112936,2.220446049250313e-16
blood,robust,none,hamming,-0.0171356058949072,-0.0546215946211794,0.0994851397960696,0.0396675958611974,0.7620320855614974,0.7620320855614974,0.7620320855614974,0.0,0.5806550802139039,0.0400686336561566,0.5574866310160428,0.7045454545454546,0.1193423860016466,0.0726411351978267,0.1376880283081888,0.0156773568584946
blood,standard,iqr_1.2,hamming,-0.0142771760331624,-0.043207711769733,0.0143920259114881,0.0231127268805781,0.7728613569321535,0.7728613569321534,0.7728613569321534,1.1102230246251563e-16,0.5777581120943954,0.0152068830794669,0.5530973451327433,0.6076696165191741,0.1350087615911847,0.1288276739833908,0.1471389953625908,0.0065123244059138
cancer,minmax,iqr_1.8,hamming,-0.0169032831556273,-0.0318176282301258,0.0350380291222712,0.0130158869942248,0.717123287671233,0.7168949771689498,0.728310502283105,0.0013115439832278,0.6970776255707761,0.0086268747911417,0.6872146118721462,0.728310502283105,0.0010244951667534,-9.610026924391768e-05,0.0022624118943568,0.0008008405049492
cancer,none,iqr_1.2,hamming,-0.0116856095228353,-0.0456385843976731,0.115630913809973,0.0360826933486528,0.7829885057471264,0.7816091954022989,0.8045977011494253,0.0048677855581286,0.7619252873563218,0.013663030122406,0.7442528735632183,0.8045977011494253,0.0004074445402824,6.47339577206294e-05,0.0010362833158132,0.0001524792809881
cancer,robust,iqr_1.2,chebyshev,-0.0671553508306161,-0.0671553508306161,-0.0671553508306161,0.0,0.7816091954022988,0.7816091954022989,0.7816091954022989,1.1102230246251563e-16,0.514367816091954,0.0,0.514367816091954,0.514367816091954,0.0815158229941773,0.0815158229941773,0.0815158229941773,1.3877787807814457e-17
cancer,standard,iqr_1.2,chebyshev,-0.0249658599432122,-0.0249658599432122,-0.0249658599432122,6.938893903907228e-18,0.7816091954022988,0.7816091954022989,0.7816091954022989,1.1102230246251563e-16,0.5258620689655171,1.1102230246251563e-16,0.5258620689655172,0.5258620689655172,0.0988388426893117,0.0988388426893118,0.0988388426893118,4.163336342344337e-17
ecoli,minmax,zscore_robust_3.5,hamming,-0.0054466040590049,-0.0592308208996415,0.0728715239307729,0.0302155738335077,0.4688181818181819,0.4333333333333333,0.5212121212121212,0.0158058410005194,0.2912121212121212,0.033598121859267,0.2303030303030303,0.3696969696969697,0.017232163350488,0.0084301319338393,0.0274171432283782,0.0032083915920503
ecoli,none,zscore_robust_2.5,hamming,-0.0054511097235075,-0.0638926099786483,0.1217007707135934,0.034446640868174,0.4719266055045871,0.437308868501529,0.5076452599388379,0.0151299211289644,0.2907951070336391,0.0380192435121518,0.2201834862385321,0.3944954128440367,0.016710826618595,0.0081173693094734,0.0237295722898145,0.003350975471048
ecoli,robust,zscore_robust,hamming,-0.015429813842793,-0.0688640298348441,0.0905006582028409,0.0290978980624657,0.4629573170731708,0.4359756097560975,0.5121951219512195,0.0163976498131048,0.2820121951219512,0.0338469562670343,0.2286585365853658,0.3689024390243902,0.0169019136319217,0.0078042068910132,0.0242108467407725,0.003485758276917
ecoli,standard,iqr_1.8,hamming,-0.0108706602104217,-0.0611861155740308,0.0684216265104232,0.0257389619006517,0.4693498452012384,0.4427244582043343,0.5139318885448917,0.0150146819231977,0.3002167182662538,0.0336720720024489,0.2229102167182662,0.4241486068111455,0.0159981581688492,0.0087519823525655,0.02412185596564,0.0034175052774563
glass,minmax,iqr,hamming,-0.0041787083211617,-0.0628802719518791,0.1117782445371713,0.0383745952220738,0.4881884057971015,0.4420289855072464,0.5797101449275363,0.0260195384876978,0.383695652173913,0.0349989497847056,0.3115942028985507,0.4855072463768116,0.0081130882720255,-0.0112456657259342,0.023456652564453,0.0076672447229319
glass,none,iqr,hamming,-0.0115606803175778,-0.0628802719518791,0.0571824445109558,0.0296871293188822,0.4865217391304348,0.4420289855072464,0.5579710144927537,0.024509898810002,0.3765217391304347,0.0301037902141108,0.3115942028985507,0.4710144927536231,0.0037829611307814,-0.015455031873857,0.023456652564453,0.0076418959484279
glass,robust,iqr,hamming,-0.0129339654307049,-0.0582704482827925,0.0819440407465857,0.0270720046121579,0.4861594202898551,0.4420289855072464,0.5507246376811594,0.0252085400091513,0.3800724637681159,0.0313086249091013,0.3115942028985507,0.4710144927536231,0.004402204025058,-0.0133155033012032,0.023456652564453,0.0087122982322898
glass,standard,iqr,hamming,-0.0023479369291207,-0.0628802719518791,0.1117782445371713,0.037898933542765,0.4892753623188406,0.4420289855072464,0.5797101449275363,0.027640534724212,0.3860144927536232,0.0359387416682751,0.3115942028985507,0.4855072463768116,0.005602863289184,-0.0118838456447897,0.023456652564453,0.0080448523310133
iris,minmax,none,hamming,0.2619194277290996,0.1471920846890564,0.3386160693238286,0.041181201872778,0.6075333333333333,0.5466666666666666,0.6666666666666666,0.0249560502572912,0.5758000000000001,0.0512393511972108,0.4533333333333333,0.6666666666666666,0.0642176629058593,0.0291779080029603,0.0837650423288531,0.0112778537389873
iris,minmax,zscore_3.5,hamming,0.2619194277290996,0.1471920846890564,0.3386160693238286,0.041181201872778,0.6075333333333333,0.5466666666666666,0.6666666666666666,0.0249560502572912,0.5758000000000001,0.0512393511972108,0.4533333333333333,0.6666666666666666,0.0642176629058593,0.0291779080029603,0.0837650423288531,0.0112778537389873
iris,minmax,zscore_robust,hamming,0.2619194277290996,0.1471920846890564,0.3386160693238286,0.041181201872778,0.6075333333333333,0.5466666666666666,0.6666666666666666,0.0249560502572912,0.5758000000000001,0.0512393511972108,0.4533333333333333,0.6666666666666666,0.0642176629058593,0.0291779080029603,0.0837650423288531,0.0112778537389873
iris,minmax,zscore_robust_2.5,hamming,0.2619194277290996,0.1471920846890564,0.3386160693238286,0.041181201872778,0.6075333333333333,0.5466666666666666,0.6666666666666666,0.0249560502572912,0.5758000000000001,0.0512393511972108,0.4533333333333333,0.6666666666666666,0.0642176629058593,0.0291779080029603,0.0837650423288531,0.0112778537389873
iris,minmax,zscore_robust_3.5,hamming,0.2619194277290996,0.1471920846890564,0.3386160693238286,0.041181201872778,0.6075333333333333,0.5466666666666666,0.6666666666666666,0.0249560502572912,0.5758000000000001,0.0512393511972108,0.4533333333333333,0.6666666666666666,0.0642176629058593,0.0291779080029603,0.0837650423288531,0.0112778537389873
iris,none,none,hamming,0.2617477097046506,0.1471920846890564,0.3386160693238286,0.0421092910008597,0.6049333333333333,0.5466666666666666,0.6666666666666666,0.0242509106358228,0.5710666666666667,0.0497837099639809,0.4533333333333333,0.6666666666666666,0.0638930541468048,0.0291779080029603,0.0843398865101505,0.0115675227702529
iris,none,zscore_3.5,hamming,0.2617477097046506,0.1471920846890564,0.3386160693238286,0.0421092910008597,0.6049333333333333,0.5466666666666666,0.6666666666666666,0.0242509106358228,0.5710666666666667,0.0497837099639809,0.4533333333333333,0.6666666666666666,0.0638930541468048,0.0291779080029603,0.0843398865101505,0.0115675227702529
iris,none,zscore_robust,hamming,0.2617477097046506,0.1471920846890564,0.3386160693238286,0.0421092910008597,0.6049333333333333,0.5466666666666666,0.6666666666666666,0.0242509106358228,0.5710666666666667,0.0497837099639809,0.4533333333333333,0.6666666666666666,0.0638930541468048,0.0291779080029603,0.0843398865101505,0.0115675227702529
iris,none,zscore_robust_2.5,hamming,0.2617477097046506,0.1471920846890564,0.3386160693238286,0.0421092910008597,0.6049333333333333,0.5466666666666666,0.6666666666666666,0.0242509106358228,0.5710666666666667,0.0497837099639809,0.4533333333333333,0.6666666666666666,0.0638930541468048,0.0291779080029603,0.0843398865101505,0.0115675227702529
iris,none,zscore_robust_3.5,hamming,0.2617477097046506,0.1471920846890564,0.3386160693238286,0.0421092910008597,0.6049333333333333,0.5466666666666666,0.6666666666666666,0.0242509106358228,0.5710666666666667,0.0497837099639809,0.4533333333333333,0.6666666666666666,0.0638930541468048,0.0291779080029603,0.0843398865101505,0.0115675227702529
iris,robust,zscore_2.5,hamming,0.2625345357116773,0.1830117160578911,0.3418647250593406,0.0330326818635383,0.6140540540540541,0.5540540540540541,0.668918918918919,0.0260337758924238,0.5935810810810811,0.0485958328165007,0.4662162162162162,0.668918918918919,0.0660543509695821,0.0363974686580386,0.0826719000770742,0.0105060007377824
iris,standard,none,hamming,0.2632642862909484,0.1471920846890564,0.3386160693238286,0.0399365525586521,0.6088666666666667,0.5466666666666666,0.6666666666666666,0.0241302944679734,0.5781333333333334,0.0498270787602261,0.4533333333333333,0.6666666666666666,0.0646372233577469,0.0291779080029603,0.0837650423288531,0.0109447498372279
iris,standard,zscore_3.5,hamming,0.2632642862909484,0.1471920846890564,0.3386160693238286,0.0399365525586521,0.6088666666666667,0.5466666666666666,0.6666666666666666,0.0241302944679734,0.5781333333333334,0.0498270787602261,0.4533333333333333,0.6666666666666666,0.0646372233577469,0.0291779080029603,0.0837650423288531,0.0109447498372279
iris,standard,zscore_robust,hamming,0.2632642862909484,0.1471920846890564,0.3386160693238286,0.0399365525586521,0.6088666666666667,0.5466666666666666,0.6666666666666666,0.0241302944679734,0.5781333333333334,0.0498270787602261,0.4533333333333333,0.6666666666666666,0.0646372233577469,0.0291779080029603,0.0837650423288531,0.0109447498372279
iris,standard,zscore_robust_2.5,hamming,0.2632642862909484,0.1471920846890564,0.3386160693238286,0.0399365525586521,0.6088666666666667,0.5466666666666666,0.6666666666666666,0.0241302944679734,0.5781333333333334,0.0498270787602261,0.4533333333333333,0.6666666666666666,0.0646372233577469,0.0291779080029603,0.0837650423288531,0.0109447498372279
iris,standard,zscore_robust_3.5,hamming,0.2632642862909484,0.1471920846890564,0.3386160693238286,0.0399365525586521,0.6088666666666667,0.5466666666666666,0.6666666666666666,0.0241302944679734,0.5781333333333334,0.0498270787602261,0.4533333333333333,0.6666666666666666,0.0646372233577469,0.0291779080029603,0.0837650423288531,0.0109447498372279
seeds,minmax,iqr_1.2,hamming,-0.000357924522391,-0.0032797073261338,0.0097160557448093,0.0023148254069862,0.3788442211055275,0.3668341708542713,0.4020100502512563,0.0075173931127845,0.3699497487437185,0.0088127581061056,0.3517587939698492,0.4020100502512563,0.0037402215244758,0.0016598706043588,0.0059218286559687,0.0008596853974361
seeds,none,none,hamming,0.0011028969019141,-0.0002970949533996,0.0056250176961546,0.0011827041205776,0.3597142857142856,0.3476190476190476,0.3857142857142857,0.0083684972385575,0.3564285714285715,0.0068138514386924,0.3476190476190476,0.3761904761904762,0.0035280551070001,0.0023332013033523,0.0059896307696292,0.0007397167278933
seeds,none,zscore_3.5,hamming,0.0011028969019141,-0.0002970949533996,0.0056250176961546,0.0011827041205776,0.3597142857142856,0.3476190476190476,0.3857142857142857,0.0083684972385575,0.3564285714285715,0.0068138514386924,0.3476190476190476,0.3761904761904762,0.0035280551070001,0.0023332013033523,0.0059896307696292,0.0007397167278933
seeds,none,iqr_1.8,hamming,0.0011028969019141,-0.0002970949533996,0.0056250176961546,0.0011827041205776,0.3597142857142856,0.3476190476190476,0.3857142857142857,0.0083684972385575,0.3564285714285715,0.0068138514386924,0.3476190476190476,0.3761904761904762,0.0035280551070001,0.0023332013033523,0.0059896307696292,0.0007397167278933
seeds,none,zscore_robust,hamming,0.0011028969019141,-0.0002970949533996,0.0056250176961546,0.0011827041205776,0.3597142857142856,0.3476190476190476,0.3857142857142857,0.0083684972385575,0.3564285714285715,0.0068138514386924,0.3476190476190476,0.3761904761904762,0.0035280551070001,0.0023332013033523,0.0059896307696292,0.0007397167278933
seeds,none,zscore_robust_2.5,hamming,0.0011028969019141,-0.0002970949533996,0.0056250176961546,0.0011827041205776,0.3597142857142856,0.3476190476190476,0.3857142857142857,0.0083684972385575,0.3564285714285715,0.0068138514386924,0.3476190476190476,0.3761904761904762,0.0035280551070001,0.0023332013033523,0.0059896307696292,0.0007397167278933
seeds,none,zscore_robust_3.5,hamming,0.0011028969019141,-0.0002970949533996,0.0056250176961546,0.0011827041205776,0.3597142857142856,0.3476190476190476,0.3857142857142857,0.0083684972385575,0.3564285714285715,0.0068138514386924,0.3476190476190476,0.3761904761904762,0.0035280551070001,0.0023332013033523,0.0059896307696292,0.0007397167278933
seeds,robust,iqr_1.2,hamming,0.0007739034745616,-0.0032797073261338,0.014443379602436,0.0036510997106169,0.3799497487437186,0.3618090452261306,0.4020100502512563,0.0082539122540947,0.3722110552763819,0.010181430336593,0.3517587939698492,0.4020100502512563,0.0036516465146973,0.0019304797762567,0.0062491435946701,0.0009079516771
seeds,standard,iqr_1.2,hamming,-6.073887934375213e-05,-0.0032797073261338,0.01124047358761,0.0026554421500519,0.3789949748743718,0.3618090452261306,0.4020100502512563,0.007823073228309,0.3706532663316582,0.0094311849100125,0.3517587939698492,0.4020100502512563,0.0037924573773282,0.0019304797762567,0.0062491435946701,0.000888570289061
vertebral,minmax,zscore_robust_3.5,hamming,-0.0047570045801811,-0.0153739743861614,0.0091519970323322,0.0054196510127267,0.4802614379084967,0.477124183006536,0.4967320261437908,0.004053341629729,0.4705882352941176,0.0082673925756036,0.4542483660130719,0.4901960784313725,0.002435294543048,0.0005773703163901,0.0044864219721291,0.0009089344532641
vertebral,none,iqr_1.2,hamming,-0.0020306834825404,-0.0074333913397642,0.0167317990623118,0.0039775054485895,0.4089230769230769,0.4,0.4269230769230769,0.0057533113696354,0.4045384615384615,0.0074655025156147,0.3846153846153846,0.4269230769230769,0.0025415668183752,0.0006726249500521,0.0045413540972665,0.0009620933426862
vertebral,robust,zscore,hamming,-0.0025617149802967,-0.0113581111305599,0.0170258171132399,0.0063278299120541,0.467751677852349,0.4630872483221476,0.4865771812080537,0.0049975220200771,0.459261744966443,0.0092391027580541,0.4429530201342282,0.4865771812080537,0.002385626978583,0.0007604959645084,0.0043041982475395,0.0009105124190232
vertebral,standard,zscore_robust_3.5,hamming,-0.0031318446987906,-0.0122888790841986,0.0091519970323322,0.0053924387079182,0.4809477124183006,0.477124183006536,0.4934640522875817,0.0041608635739135,0.4735294117647058,0.0084904451351415,0.457516339869281,0.4901960784313725,0.0022334086108712,0.0005773703163901,0.0043053869220681,0.0008433265661922
wine,minmax,zscore_robust,hamming,0.0197364608045638,-0.0117637027829288,0.0872463051216286,0.018881388336494,0.4332,0.4,0.5028571428571429,0.0239686189397209,0.4192571428571428,0.0272332929499529,0.36,0.4971428571428571,0.0043377177133578,0.0004897751231233,0.0078782030705087,0.0013577494022212
wine,none,zscore_robust,hamming,0.0182162948465512,-0.0076017657724223,0.0659656146519711,0.0165631909433665,0.4332571428571428,0.4,0.4971428571428571,0.0226473226781841,0.4186285714285713,0.0245597314350801,0.3657142857142857,0.4971428571428571,0.0047015666234853,0.001285639260745,0.0072163452543144,0.0014015259694457
wine,robust,zscore_3.5,hamming,0.0174568129705635,-0.0080937351151345,0.0761409061090701,0.014851477809429,0.4285714285714286,0.3885714285714285,0.4857142857142857,0.0224535802335868,0.4177714285714286,0.0260096685319682,0.3657142857142857,0.4857142857142857,0.0045870123502914,0.0007649792727916,0.0078003857956918,0.0013211781815658
wine,standard,zscore_3.5,hamming,0.0194377057179023,-0.0080937351151345,0.0807033483674652,0.0161111617950345,0.4308571428571429,0.3885714285714285,0.5028571428571429,0.0239455163882936,0.4200571428571429,0.0275413751824191,0.3657142857142857,0.5028571428571429,0.0046464055114541,0.0007649792727916,0.0078003857956918,0.0013541997775641
